{"cameraMode":{"drawMode":0,"name":"Shaded","section":"Shading Mode"},"sceneLighting":true,"audioPlay":false,"sceneViewState":{"m_AlwaysRefresh":false,"showFog":true,"showSkybox":true,"showFlares":true,"showImageEffects":true,"showParticleSystems":true,"showVisualEffectGraphs":true,"m_FxEnabled":true},"in2DMode":false,"pivot":{"x":0.4545460045337677,"y":1.5058495998382569,"z":-0.8937510848045349},"rotation":{"x":0.001489659189246595,"y":0.9930641055107117,"z":0.1158185750246048,"w":-0.013115552254021168},"size":0.8645505309104919,"orthographic":false}