{"cameraMode":{"drawMode":0,"name":"Shaded","section":"Shading Mode"},"sceneLighting":false,"audioPlay":false,"sceneViewState":{"m_AlwaysRefresh":false,"showFog":true,"showSkybox":false,"showFlares":true,"showImageEffects":true,"showParticleSystems":true,"showVisualEffectGraphs":true,"m_FxEnabled":true},"in2DMode":false,"pivot":{"x":-0.9408831000328064,"y":0.5090435743331909,"z":2.0282585620880129},"rotation":{"x":-0.18339990079402924,"y":0.3473476767539978,"z":-0.06947090476751328,"w":-0.9169787168502808},"size":2.9374608993530275,"orthographic":false}